title,datetime,impact_score,sentiment,summary,article
Virios Therapeutics Announces Pricing of $1.7 Million Public Offering of Common Stock to Commence Preparations for Planned IMC-2 Long-COVID Phase 2b Study,2024-05-20T00:53:00.000Z,Moderate,Neutral,"Virios Therapeutics announced the pricing of a $1.7 million public offering to fund its IMC-2 Long-COVID Phase 2b study. The company will offer 8,500,000 shares at $0.20 per share, with the offering expected to close on May 22, 2024. Maxim Group  is acting as the sole placement agent. Gross proceeds are expected to be $1.7 million before deducting fees and expenses. Net proceeds will be used for the Phase 2b study and general corporate purposes. The offering is made under an effective shelf registration statement filed with the SEC.",
Transaction in Own Shares,2024-05-20T08:13:00.000Z,Low,Negative,"On 20 May 2024, Endeavour Mining announced the purchase of 4,000 of its own ordinary shares from Stifel Nicolaus Europe  The shares were bought at prices ranging from 1,700.00 to 1,704.00 GBp, with an average of 1,701.75 GBp per share. This transaction is part of a buy-back program initiated on 20 March 2023. After these purchases, Endeavour Mining will have 244,877,849 ordinary shares in issue and no shares in treasury. Shareholders can use this figure to determine their voting rights under the FCA's disclosure rules.",
Innovent Announces Oral Presentations at ESMO Plenary and ESMO GI Congress on Clinical Data of IBI363 (PD-1/IL-2) and IBI343 (CLDN18.2 ADC),2024-05-20T00:14:00.000Z,Neutral,Neutral,"Innovent Biologics announced that it will present clinical data on two of its innovative treatments, IBI363 and IBI343, at upcoming conferences in June 2024. IBI363, a PD-1/IL-2 bispecific antibody fusion protein, will be discussed at the ESMO Virtual Plenary on June 13-14, 2024. IBI343, an anti-Claudin18.2 antibody-drug conjugate, will be presented at the ESMO Gastrointestinal Cancers Congress on June 26-29, 2024. The presentations will focus on early-phase clinical studies in patients with advanced solid tumors and gastric/gastro-esophageal junction adenocarcinoma. Dr. Hui Zhou, Senior VP at Innovent, emphasized the potential efficacy and safety of these treatments, highlighting Innovent's commitment to addressing unmet medical needs in cancer therapy.",
New data presented at ATS 2024 show the potential of TEZSPIRE to play a role in the future treatment of chronic obstructive pulmonary disease,2024-05-19T21:17:00.000Z,Neutral,Neutral,"New data from the Phase IIa COURSE trial suggests TEZSPIRE (tezepelumab) may reduce COPD exacerbations. The trial, involving 337 patients, showed a 17% reduction in annual COPD exacerbation rates compared to placebo, which was not statistically significant. However, in patients with blood eosinophil counts (BEC) ≥150 cells/µL, a significant 37% reduction was noted. For BEC ≥300 cells/µL, the reduction was 46%. Improvements in lung function and quality of life were also reported. Safety profiles were consistent with TEZSPIRE’s use in severe asthma. AstraZeneca and Amgen are planning Phase III trials based on these promising results.",
Pharming Group to participate in May investor conference,2024-05-20T06:00:00.000Z,Low,Neutral,"Pharming Group (Euronext Amsterdam: PHARM/Nasdaq: PHAR) has announced its participation in the H.C. Wainwright 2nd Annual BioConnect Investor Conference. The event will be held at NASDAQ, New York, on May 20, 2024.Michael Levitan, VP of Investor Relations and Corporate Communications, will deliver a presentation at 09:30 EDT/15:30 CET. Investors interested in scheduling one-to-one meetings with Pharming's management team can contact the company's Investor Relations team or their H.C. Wainwright representative.",
Bradda Head Lithium Ltd Announces Settlement Agreement Over Fraudulent Payment,2024-05-20T06:00:00.000Z,Neutral,Negative,"Bradda Head Lithium  (AIM:BHL, TSX-V:BHLI) has reached a settlement regarding a fraudulent payment initially reported on March 29, 2022. The settlement involves partial reimbursement, recovering approximately 40% of the total misappropriated funds. No liability is admitted by either party, and the terms are confidential. Bradda Head is now focusing on the Basin Project drilling program, with the latest update provided on April 17, 2024. This announcement contains inside information as per Market Abuse Regulation and is now publicly available.",
Dexcom Launches Innovative New Sensor as Groundbreaking Report Reveals Alarming Rates of Anxiety and Depression in Those With Type 2 Diabetes,2024-05-20T08:00:00.000Z,Neutral,Neutral,"Dexcom has launched the Dexcom ONE+ sensor in the UK, incorporating 25 years of research to assist individuals with Type 2 diabetes in monitoring their glucose levels in real-time. The first-ever 'Dexcom State of Type 2 Report' reveals that a significant number of people with Type 2 diabetes experience anxiety and depression, and many struggle to manage their condition effectively. The report highlights that 54% of respondents wish they had more confidence in managing their diabetes, and 63% face challenges in improving their diet or mental health. Additionally, 48% of participants believe glucose monitoring could improve their condition management.Dexcom ONE+ aims to provide a tailored solution for people with Type 2 diabetes, enhancing user motivation and diabetes management by providing real-time feedback. The report is intended to serve as a resource for healthcare professionals and empower those with Type 2 diabetes to feel less isolated.",
Wix Reports First Quarter 2024 Results,2024-05-20T05:00:00.000Z,Neutral,Neutral,"Wix reported strong Q1 2024 results, with total revenue of $419.8 million, up 12% year-over-year (y/y), and total bookings of $457.3 million, a 10% y/y increase. The company's Creative Subscriptions revenue rose by 9% to $304.3 million, while Business Solutions revenue surged by 20% to $115.5 million. Wix achieved a record free cash flow (FCF) margin of 26%, driven by stable costs and robust product traction, particularly from AI offerings and Wix Studio. GAAP operating income reached $9.7 million, marking the second consecutive quarter of GAAP operating profit. Looking ahead, Wix raised its full-year bookings outlook to $1,796-$1,826 million and revenue forecast to $1,738-$1,761 million. The company anticipates strong bookings growth in the second half of 2024, driven by AI products and Wix Studio.",
Key Energy Services Reports Asset Acquisition,2024-05-19T16:30:00.000Z,Neutral,Neutral,"Key Energy Services announced the acquisition of nearly all assets of Endeavor Energy Resources' well servicing division in an all-cash deal effective May 19, 2024. This move will bolster Key's operations in the Permian Basin. CEO Marshall Dodson expressed enthusiasm about integrating new assets and personnel, emphasizing that Key’s strengthened balance sheet and liquidity enabled the purchase and debt reduction. Key will maintain its commitment to providing top-tier service and equipment, particularly to Endeavor. The company highlighted improvements in safety and financial performance, attributing these achievements to dedicated employees.",
SOHU.COM REPORTS FIRST QUARTER 2024 UNAUDITED FINANCIAL RESULTS,2024-05-20T05:00:00.000Z,Moderate,Negative,"Sohu.com  (NASDAQ: SOHU) reported unaudited financial results for Q1 2024, ending March 31. Total revenues were $139 million, a 14% decline year-over-year and 1% decline quarter-over-quarter. Brand advertising revenues fell to $16 million, a 29% drop year-over-year and 20% drop quarter-over-quarter. Online game revenues were $118 million, a 9% decrease year-over-year but a 3% increase quarter-over-quarter.The GAAP net loss was $25 million, compared to $18 million in Q1 2023 and $13 million in Q4 2023. Non-GAAP net loss was $22 million, versus $13 million in Q1 2023 and $11 million in Q4 2023. Cash and equivalents totaled approximately $1.3 billion. For Q2 2024, Sohu projects brand advertising revenues between $18 million and $20 million, and online game revenues between $133 million and $143 million.",
Qifu Technology Announces First Quarter 2024 Unaudited Financial Results,2024-05-19T22:00:00.000Z,Neutral,Neutral,"Qifu Technology announced its unaudited financial results for Q1 2024. As of March 31, 2024, the company connected 159 financial partners and 241.4 million consumers, up 12.5% YoY. Cumulative borrowers increased to 31.2 million, up 12.6% YoY. Loan volume decreased by 9.3% to RMB99,237 million. Revenue rose to RMB4,153.2 million, a 15.4% increase. Net income grew to RMB1,160.1 million, up from RMB929.8 million last year. Operating margin improved to 32.8%, and net income per ADS increased to RMB7.30. The company launched a new share repurchase plan worth US$350 million. Despite economic headwinds, Qifu expects Q2 2024 net income between RMB1.17 billion and RMB1.23 billion.",
Astera Labs Extends Interoperability Leadership Driving Seamless PCIe 6.x Deployment,2024-05-20T06:00:00.000Z,Low,Positive,"Astera Labs (Nasdaq: ALAB) has expanded its PCIe 6.x testing capabilities with the launch of a new Cloud-Scale Interop Lab in Taiwan. This lab will facilitate seamless interoperability between Aries 6 Smart DSP Retimers and a variety of PCIe 6.x hosts and endpoints. The new facility aims to reduce development time and support high-bandwidth, low-latency AI systems, assisting data center operators in deploying complex systems more rapidly. This expansion emphasizes Astera's commitment to standards compliance and plug-and-play interoperability. Prominent industry partners, such as Foxconn and Quanta, have voiced strong support for this initiative, highlighting the critical role of reliable PCIe 6.x connectivity in future AI and cloud infrastructure deployments.",
LEADING EDGE MATERIALS APPOINTS KURT BUDGE AS CHIEF EXECUTIVE OFFICER,2024-05-20T06:00:00.000Z,Low,Neutral,"Leading Edge Materials has appointed Kurt Budge as CEO, effective May 19, 2024. Budge brings 30 years of mining experience, including a recent tenure as CEO of Beowulf Mining. The company is focused on obtaining a Strategic Project designation for its Rare Earth Elements at Norra Kärr in Sweden under the EU Critical Raw Materials Act. Other key projects include the Woxna graphite mine in Sweden and the Bihor Sud nickel and cobalt exploration project in Romania. The board is optimistic about Budge's leadership and the potential for significant value creation.",
ATRenew Inc. Reports Unaudited First Quarter 2024 Financial Results,2024-05-20T08:00:00.000Z,Moderate,Neutral,"ATRenew (NYSE: RERE) reported a 27.1% increase in first-quarter 2024 revenues to RMB3,651.1 million (US$505.7 million). Loss from operations reduced to RMB43.4 million (US$6.0 million) from RMB67.6 million a year prior. Adjusted income rose to RMB80.2 million (US$11.1 million) from RMB44.4 million. Net loss widened to RMB92.9 million (US$12.9 million) from RMB50.0 million. Revenue expectations for Q2 2024 range between RMB3,670.0 million and RMB3,770.0 million, a 23.8%-27.2% increase year-over-year. Cash and equivalents fell to RMB2,599.9 million (US$360.1 million). On April 26, 2024, Mervin Ye Zhou joined the board, replacing Lijun Xin.",
The9 Signed a Definitive Share Purchase Agreement to Invest in AI Unmanned Retail Store Platform KuaiJin,2024-05-20T08:00:00.000Z,Moderate,Neutral,"The9 announced a definitive share purchase agreement with KuaiJin Shidai to acquire a 15% stake in KuaiJin, an AI unmanned retail platform in China. The deal involves a cash payment of $1.5 million and the issuance of 318,448,800 restricted Class A shares. The9 also secured an option to purchase up to 51% of KuaiJin within two years, based on a valuation of $60 million. KuaiJin has already transformed over 500 retail stores across 100 cities, offering 24/7 operation and reduced payroll costs via AI-powered systems. The release of The9's shares is contingent on market cap milestones and other conditions.",
Savara Presented New Data on Autoimmune Pulmonary Alveolar Proteinosis (aPAP) at the American Thoracic Society (ATS) International Conference 2024,2024-05-19T16:15:00.000Z,Neutral,Neutral,"Savara (Nasdaq: SVRA), a clinical stage biopharmaceutical company focused on rare respiratory diseases, presented significant data at the American Thoracic Society (ATS) 2024 International Conference. The event, taking place from May 17-22, 2024, in San Diego, CA, featured two important posters.Poster Board 701, sponsored by Savara, detailed a cohort study revealing that pulmonary alveolar proteinosis (PAP) patients face a substantial healthcare burden. This includes a 4-fold increase in hospital admissions and costs compared to non-PAP controls.Poster Board 702, presented by Trillium Health , showcased a novel laboratory test for diagnosing autoimmune pulmonary alveolar proteinosis (aPAP) with 100% clinical accuracy. This test detects GM-CSF antibodies in human serum, offering a precise and sensitive diagnostic tool.",
Niu Technologies Announces Unaudited First Quarter 2024 Financial Results,2024-05-20T07:00:00.000Z,Neutral,Neutral,"Niu Technologies (NASDAQ: NIU), a leader in smart urban mobility, reported its unaudited Q1 2024 financial results. Revenues increased by 21.0% year-over-year to RMB 504.7 million. E-scooter sales rose 36.8%, with 129,139 units sold, and Chinese market sales surged 35.1%.However, the net loss was RMB 54.8 million, an improvement from the previous year's RMB 60.3 million loss. Gross margin declined to 18.9%, down from 21.7% in Q1 2023. International sales revenue fell by 8.1%, while the revenue per e-scooter decreased by 11.6%. Operating expenses increased by 4.6% year-over-year. The company aims for Q2 revenue between RMB 912 million to RMB 995 million, representing a 10%-20% year-over-year increase.",
SharkNinja Announces David Beckham as Global Brand Ambassador for Ninja Brand,2024-05-19T11:50:00.000Z,Neutral,Positive,"SharkNinja (NYSE: SN) has announced a multi-year partnership with David Beckham, who will serve as the global brand ambassador for their Ninja brand. Known for his cooking prowess, Beckham will collaborate with Ninja to boost brand awareness and promote their innovative, user-friendly appliances. The partnership aims to highlight the benefits of current products and support product expansion. SharkNinja CEO, Mark Barrocas, expressed enthusiasm for the collaboration, emphasizing shared values of performance and quality.",
"Music Licensing, Inc. (SONG) (SONGD) Announces Implementation of 1-for-500,000 Reverse Stock Split and Reduction of Outstanding Common Shares",2024-05-19T19:27:00.000Z,Moderate,Neutral,"Music Licensing, Inc. (OTC Pink: SONGD) announced a 1-for-500,000 reverse stock split, effective May 20, 2024, reducing its outstanding common shares to approximately 6,004. The stock is expected to open at $100 per share based on the May 17, 2024 closing price. The company will temporarily trade under the ticker SONGD for about 20 days. Fractional shareholders will receive cash payments. The company also plans a long-term buyback program and aims to reduce its number of authorized shares, pending board approval. The CUSIP has changed to 67075W207.",
Clarivate Launches AI-Enhanced Solution to Accelerate Trademark Watching,2024-05-20T07:00:00.000Z,Neutral,Neutral,"Clarivate has launched the Trademark Watch Analyzer, an AI-enhanced solution aimed at improving trademark protection. Announced at the 2024 International Trademark Association Annual Meeting, this tool integrates global trademark and case law data, in-house IP expertise, and advanced AI technology. The analyzer covers trademark datasets from 258 countries and 191 trademark registers, along with data from over 7 million trademark litigation cases. This system automates key trademark watching tasks and prioritizes result sets, allowing clients to rank results based on success or opposition chances. According to CompuMark data, trademark applications have doubled since 2014, increasing the need for vigilant trademark monitoring. Gordon Samson, Clarivate's President of Intellectual Property, emphasized that this solution helps clients save time, cost, and resources while ensuring global trademark monitoring and automated alerts.",
NEW DATA PRESENTED AT ATS 2024 SHOW THE POTENTIAL OF TEZSPIRE® TO HELP PATIENTS LIVING WITH COPD,2024-05-19T21:15:00.000Z,Neutral,Neutral,"On May 19, 2024, Amgen and AstraZeneca announced results from the Phase 2a COURSE trial evaluating Tezspire® (tezepelumab-ekko) for COPD. Although the primary endpoint showed a non-significant 17% reduction in COPD exacerbations compared to placebo, notable improvements were observed in specific patient subgroups. Patients with blood eosinophil counts (BEC) ≥150 cells/μL experienced a 37% reduction in exacerbations, while those with BEC ≥300 cells/μL saw a 46% reduction. Tezspire also improved lung function and quality of life. Safety profiles were consistent with previous findings for severe asthma.",
EHang Reports First Quarter 2024 Unaudited Financial Results,2024-05-20T08:00:00.000Z,Moderate,Neutral,"EHang Holdings (Nasdaq: EH), a leader in Urban Air Mobility, announced its first quarter 2024 financial results on May 20, 2024. Total revenues surged 178.0% YoY to RMB61.7 million (US$8.5 million), driven by increased sales of EH216 series products. Operating losses improved to RMB65.8 million (US$9.1 million), while net loss also improved to RMB63.4 million (US$8.8 million). The company achieved positive operating cash flow for the second consecutive quarter. Key achievements included securing a Production Certificate from CAAC, clearing the path for mass production of EH216-S, and forming strategic partnerships, notably with GBT for ultra-fast charging batteries and with GAC for future production capabilities. EHang expanded international partnerships in the UAE, Spain, Costa Rica, and Japan, delivering demo flights and units. The company received significant conditional purchase orders for EH216-S in China.Looking ahead, EHang expects Q2 2024 revenues to reach around RMB90 million, an 804% YoY increase.",
Zai Lab and Innoviva Specialty Therapeutics Announce NMPA Approval for XACDURO® (Sulbactam-Durlobactam or SUL-DUR) for Hospital-Acquired and Ventilator-Associated Pneumonia Caused by Acinetobacter Baumannii-Calcoaceticus Complex in China,2024-05-20T04:21:00.000Z,Neutral,Neutral,"Zai Lab and Innoviva Specialty Therapeutics have received approval from China's National Medical Products Administration (NMPA) for XACDURO® (sulbactam-durlobactam), a new treatment for hospital-acquired bacterial pneumonia and ventilator-associated bacterial pneumonia caused by Acinetobacter baumannii-calcoaceticus complex in adults. This approval is based on positive results from the global Phase 3 ATTACK trial, which demonstrated XACDURO's non-inferiority to colistin in reducing 28-day all-cause mortality and significantly improving clinical cure rates. The drug addresses the urgent need for effective treatments against carbapenem-resistant bacterial strains, which account for approximately 74% of Acinetobacter infections in China. This milestone follows the FDA's approval of XACDURO in the U.S. in May 2023, marking it as the first FDA-approved pathogen-targeted therapy for this condition.",
"Himax Technologies, Inc. to Attend Baird 2024 Global Consumer, Technology and Services Conference on June 4 – June 6, 2024",2024-05-20T08:00:00.000Z,Low,Neutral,"Himax Technologies will attend the Baird 2024 Global Consumer, Technology and Services Conference from June 4 to June 6, 2024, in New York. Represented by Chief IR/PR Officer Eric Li, Himax will participate in a fireside chat on June 4 from 3:10 PM to 3:40 PM EDT. The company will also conduct in-person meetings with investors, although participation is by invitation only and requires registration. The event aims to offer insights into Himax's business operations and growth strategies.",
Caledonia Mining Corporation Plc: Utilisation of the block admission in respect of ATM Sales Agreement,2024-05-20T06:00:00.000Z,Low,Neutral,"Caledonia Mining  Plc has provided an update on its 'At the Market' (ATM) sales agreement with Cantor Fitzgerald & Co., covering the period from November 17, 2023, to May 17, 2024.During this period, no securities were issued or allotted under the scheme. The company has a balance of 2,000,000 depositary interests representing the same number of common shares that have not yet been issued or allotted. The ATM Sales Agreement originally admitted 2,000,000 depositary interests on May 19, 2023.This update is in compliance with Schedule Six of the AIM Rules for Companies.",
"Bank Leumi to Report 1Q 2024 Financial Results on May 28, 2024",2024-05-20T05:38:00.000Z,Low,Neutral,"Bank Leumi (TASE: LUMI) will release its First Quarter 2024 Financial Results on May 28, 2024. A conference call for analysts and investors is scheduled for the same day at 5 PM (Israel); 3 PM (UK); and 10 AM (ET). The call will be hosted by Ms. Hagit Argov, Head of the Finance Division, and Mr. Omer Ziv, Deputy CEO and Head of the Capital Markets Division.Participants can join the call using specific phone numbers provided for Israel, the UK, the US, Canada, and other locations. The presentation used during the call will be published on both the Israeli Securities Authority reporting website (MAGNA) and the Leumi website. An archived recording of the webcast will be available one business day after the results are published.For more details, visit the investor relations page on the Leumi website or contact Michael Klahr, VP, Head of Investor Relations.",
PureTech Health: Launch of Proposed $100 Million Tender Offer at 250 Pence Per Ordinary Share,2024-05-20T06:00:00.000Z,Neutral,Neutral,"PureTech Health (Nasdaq: PRTC, LSE: PRTC) has announced the launch of a $100 million tender offer to purchase up to 33,500,000 ordinary shares or ADSs at 250 pence per share, a 25% premium to its trailing volume-weighted average price. The offer, closing 20 June 2024 for ordinary shares and 18 June 2024 for ADSs, represents 12% of PureTech's issued share capital. Shareholder approval will be sought at a general meeting on 6 June 2024. Surplus funds from the tender offer may be returned as a special dividend. Investors are advised to consult tax professionals regarding federal income tax implications.",
"Dyne Therapeutics to Host Virtual Investor Event to Review New Clinical Data from the ACHIEVE and DELIVER Trials Tomorrow, May 20 at 8:00 a.m. ET",2024-05-19T12:00:00.000Z,Low,Neutral,"Dyne Therapeutics (Nasdaq: DYN) will host a virtual investor event on May 20, 2024, at 8:00 a.m. ET to discuss new clinical data from its Phase 1/2 ACHIEVE and DELIVER trials. The ACHIEVE trial focuses on DYNE-101 for myotonic dystrophy type 1 (DM1) and has enrolled 56 patients. Efficacy data from various cohorts will be presented. The DELIVER trial evaluates DYNE-251 for Duchenne muscular dystrophy (DMD) and has enrolled 48 patients. Safety, tolerability, and efficacy data, including dystrophin expression, will be discussed. Both trials aim to provide comprehensive pharmacokinetic and pharmacodynamic data. The event will be webcast live and available for replay for 90 days.",
California Dreaming: Los Angeles leads Nation in Mosquito Complaints according to Orkin's 2024 Top Mosquito Cities List,2024-05-20T04:01:00.000Z,No impact,Neutral,"Orkin has released its 2024 Top Mosquito Cities List, with Los Angeles ranking first. The list, which tracks new residential mosquito treatments from April 2023 to March 2024, features five California cities in the top 50. Other top cities include New York, Chicago, Dallas, and Atlanta. Orkin emphasizes the health risks mosquitoes pose, as they are the deadliest animals on Earth, causing more than 600,000 malaria-related deaths annually. To combat this, Orkin is partnering with the American Red Cross for the 'Mosquitoes Don't Deserve a Drop' campaign, donating $25 per mosquito control service purchased from May 20 to June 30, 2024, up to $250,000. The campaign aims to reduce mosquito-transmitted illnesses and support the blood supply. Preventative measures recommended by Orkin include wearing protective clothing, using EPA-registered repellents, and eliminating standing water.",
InterContinental Hotels Group PLC Announces Transaction in Own Shares - May 20,2024-05-20T06:00:00.000Z,No impact,Neutral,"InterContinental Hotels Group PLC (IHG) announced the repurchase of 59,849 of its ordinary shares on the London Stock Exchange on May 17, 2024. The shares were bought at an average price of £78.0589 per share, with the lowest price being £77.92 and the highest at £78.28. This transaction follows the authority granted by shareholders during the company's Annual General Meeting on May 3, 2024. The repurchased shares will be canceled, bringing the total number of shares in issue to 162,459,870, excluding 7,006,782 treasury shares. The shares were bought through Goldman Sachs International. Detailed transaction data is available for review.",
"Tuniu to Report First Quarter 2024 Financial Results on June 4, 2024",2024-05-20T06:00:00.000Z,Low,Neutral,"Tuniu  (NASDAQ:TOUR), a leading online leisure travel company in China, announced it will release its unaudited financial results for Q1 2024 on June 4, 2024, before market opens. The results cover the period ending March 31, 2024. Management will hold an earnings call at 8:00 am U.S. Eastern Time on the same day. Participants can join the call via provided phone numbers for different regions. A replay will be available starting one hour post-call until June 11, 2024. Webcast access will be provided through Tuniu's investor relations website.",
